,index,Credit_History,Dependents,Education,Gender,LoanAmount,Loan_Amount_Term,Loan_Status,Married,Property_Area,Self_Employed,total_income
0,0,1.0,0,Graduate,Male,4.859812404361672,360.0,1,No,Urban,No,8.674196940225903
1,1,1.0,1,Graduate,Male,4.859812404361672,360.0,0,Yes,Rural,No,8.714731714015052
2,2,1.0,0,Graduate,Male,4.204692619390966,360.0,1,Yes,Urban,Yes,8.006700845440367
3,3,1.0,0,Not Graduate,Male,4.795790545596741,360.0,1,Yes,Urban,No,8.505525386548555
4,4,1.0,0,Graduate,Male,4.955827057601261,360.0,1,No,Urban,No,8.699681400989514
5,5,1.0,2,Graduate,Male,5.5909869805108565,360.0,1,Yes,Urban,Yes,9.170975648453906
6,6,1.0,0,Not Graduate,Male,4.564348191467836,360.0,1,Yes,Urban,No,8.25582842728183
7,7,0.0,3+,Graduate,Male,5.0689042022202315,360.0,0,Yes,Semiurban,No,8.61993026886735
8,8,1.0,2,Graduate,Male,5.1298987149230735,360.0,1,Yes,Urban,No,8.618485442898109
9,9,1.0,1,Graduate,Male,5.857933154483459,360.0,0,Yes,Semiurban,No,10.077860939480908
10,10,1.0,2,Graduate,Male,4.2626798770413155,360.0,1,Yes,Urban,No,8.268988209506656
11,11,1.0,2,Graduate,Male,4.700480365792417,360.0,1,Yes,Urban,No,8.375860015299594
12,12,1.0,2,Graduate,Male,5.303304908059076,360.0,1,Yes,Urban,No,9.32188174670909
13,13,1.0,0,Graduate,Male,4.74493212836325,360.0,0,No,Rural,No,8.454040376410969
14,14,1.0,2,Graduate,Male,2.8903717578961645,120.0,1,Yes,Urban,No,7.777373602657861
15,15,1.0,0,Graduate,Male,4.836281906951478,360.0,1,No,Urban,No,8.507344855361422
16,16,1.0,1,Not Graduate,Male,4.61512051684126,240.0,1,No,Urban,No,8.187855443695623
17,17,0.0,0,Graduate,Female,4.343805421853684,360.0,0,No,Urban,No,8.163656176168432
18,18,1.0,0,Not Graduate,Male,4.897839799950911,360.0,0,Yes,Rural,No,8.494538500851432
19,19,1.0,0,Graduate,Male,4.7535901911063645,360.0,1,Yes,Urban,No,8.716207971151853
20,20,0.0,0,Not Graduate,Male,4.653960350157523,360.0,0,Yes,Urban,No,8.94389780251682
21,21,1.0,1,Graduate,Male,5.755742213586912,360.0,1,Yes,Urban,No,9.357121103184378
22,22,0.0,0,Not Graduate,Male,4.762173934797756,360.0,0,Yes,Semiurban,No,8.414495793177895
23,23,0.0,2,Not Graduate,missing,4.727387818712341,360.0,0,Yes,Rural,No,8.572249397164315
24,24,0.0,1,Graduate,Male,5.0238805208462765,360.0,0,Yes,Semiurban,No,8.80131894766524
25,25,1.0,0,Graduate,Male,5.2574953720277815,360.0,1,Yes,Semiurban,Yes,9.165447603085447
26,26,1.0,0,Graduate,Male,4.812184355372417,360.0,1,Yes,Semiurban,No,8.527737405291909
27,27,1.0,2,Not Graduate,Male,4.709530201312334,360.0,1,Yes,Urban,No,8.569216219483389
28,28,1.0,0,Not Graduate,Male,3.58351893845611,360.0,0,No,Urban,No,7.274479558773871
29,29,1.0,2,Graduate,Female,4.795790545596741,360.0,1,No,Semiurban,No,8.671458150427666
30,30,0.0,1,Graduate,Male,5.308267697401205,360.0,0,Yes,Urban,No,8.927446816256198
31,31,1.0,0,Graduate,Male,4.31748811353631,360.0,0,No,Urban,No,8.060855752934316
32,32,1.0,1,Graduate,Male,4.672828834461906,360.0,0,No,Rural,Yes,8.453827315794417
33,33,1.0,0,Graduate,Male,4.74493212836325,360.0,1,Yes,Semiurban,No,8.550241045462437
34,34,1.0,3+,Graduate,Male,5.771441123130016,360.0,0,No,Rural,No,9.648659816955295
35,35,1.0,0,Graduate,Male,4.859812404361672,360.0,1,Yes,Urban,No,8.376320632534823
36,36,0.0,0,Graduate,Male,4.61512051684126,360.0,0,Yes,Urban,No,8.058010800802085
37,37,1.0,0,Graduate,Female,4.976733742420574,360.0,1,Yes,Semiurban,No,8.5422759717837
38,38,1.0,0,Graduate,Male,5.220355825078325,360.0,1,No,Urban,No,9.339349052539717
39,39,1.0,0,Not Graduate,Male,4.709530201312334,360.0,1,No,Semiurban,No,8.597297435657898
40,40,1.0,0,Graduate,Male,4.394449154672439,360.0,0,No,Urban,No,8.188966863648876
41,41,1.0,0,Graduate,Male,3.8712010109078907,360.0,1,No,Urban,No,8.01102337918644
42,42,1.0,0,Graduate,Male,4.330733340286331,360.0,1,Yes,Urban,No,7.783640596221253
43,43,1.0,0,Graduate,Male,4.90527477843843,360.0,1,Yes,Semiurban,No,8.744806737401898
44,44,1.0,0,Not Graduate,Male,4.574710978503383,360.0,1,Yes,Urban,Yes,8.454466361507933
45,45,1.0,0,Graduate,Female,4.48863636973214,360.0,1,No,Urban,No,8.134760782418645
46,46,1.0,1,Graduate,Male,3.8066624897703196,360.0,1,Yes,Urban,No,8.639410824140487
47,47,1.0,0,Graduate,Male,4.976733742420574,360.0,1,Yes,Urban,No,8.669399124305569
48,48,0.0,0,Graduate,Female,4.795790545596741,360.0,0,Yes,Urban,No,8.713746330456916
49,49,1.0,0,Graduate,Female,4.976733742420574,360.0,1,No,Semiurban,No,8.744488113852924
50,50,1.0,0,Not Graduate,Female,4.61512051684126,360.0,1,Yes,Semiurban,No,8.181160858023409
51,51,1.0,0,Graduate,Female,4.795790545596741,360.0,1,No,Semiurban,No,8.034955024502159
52,52,1.0,0,Graduate,Female,4.727387818712341,360.0,0,No,Semiurban,No,8.350193650720067
53,53,1.0,2,Graduate,Male,4.90527477843843,360.0,0,Yes,Urban,No,8.43750042250699
54,54,0.0,1,Graduate,Female,5.659482215759621,360.0,0,Yes,Urban,Yes,9.350189267092581
55,55,1.0,2,Graduate,Male,4.584967478670572,360.0,1,Yes,Semiurban,No,8.262558973010657
56,56,1.0,0,Graduate,Male,4.574710978503383,360.0,1,Yes,Semiurban,No,8.222553638396958
57,57,1.0,0,Graduate,Male,4.912654885736052,360.0,0,Yes,Rural,No,8.624611588183507
58,58,1.0,1,Graduate,Male,5.198497031265826,360.0,1,Yes,Urban,No,9.242904362849446
59,59,1.0,2,Not Graduate,Male,4.976733742420574,360.0,1,Yes,Urban,No,8.735042754269337
60,60,1.0,0,Graduate,Male,4.795790545596741,360.0,1,Yes,Urban,No,8.747828608488742
61,61,1.0,3+,Graduate,Male,4.605170185988092,360.0,1,Yes,Urban,No,8.016317898503415
62,62,0.0,0,Not Graduate,Male,5.111987788356544,180.0,0,Yes,Rural,Yes,8.70930004894499
63,63,0.0,1,Graduate,Male,4.859812404361672,360.0,0,Yes,Rural,No,8.506334448081361
64,64,0.0,0,Graduate,Female,4.762173934797756,360.0,0,No,Semiurban,No,8.334951631422454
65,65,1.0,0,Graduate,Male,5.556828061699537,360.0,0,Yes,Semiurban,No,9.242032818708672
66,66,0.0,0,Not Graduate,Male,4.844187086458591,180.0,0,No,Urban,No,8.604287898267172
67,67,1.0,1,Graduate,Male,5.746203190540153,360.0,1,Yes,Urban,No,9.282754052485227
68,68,1.0,3+,Not Graduate,Male,4.836281906951478,60.0,1,Yes,Urban,Yes,8.867990898182093
69,69,0.0,0,Graduate,Female,4.919980925828125,360.0,0,No,Semiurban,No,8.366602832783736
70,70,1.0,0,Graduate,Male,5.153291594497779,360.0,1,Yes,Urban,No,8.744328763999984
71,71,1.0,2,Not Graduate,Male,4.584967478670572,360.0,1,Yes,Semiurban,Yes,8.229777750081887
72,72,1.0,0,Graduate,Male,4.406719247264253,300.0,1,No,Semiurban,No,8.160803920954665
73,73,0.0,3+,Not Graduate,Male,4.564348191467836,360.0,0,Yes,Semiurban,No,8.467162257810672
74,74,1.0,3+,Graduate,Male,5.236441962829949,360.0,1,Yes,Semiurban,Yes,8.859505484519133
75,75,1.0,0,Graduate,Male,4.736198448394496,480.0,0,No,Urban,No,8.229777750081887
76,76,1.0,0,Graduate,Male,5.176149732573829,360.0,0,No,Urban,No,9.04793908261736
77,77,1.0,1,Graduate,Male,4.709530201312334,360.0,0,Yes,Urban,Yes,8.299783171949787
78,78,0.0,3+,Graduate,Male,5.198497031265826,300.0,0,Yes,Semiurban,No,8.877381954654766
79,79,1.0,3+,Not Graduate,Male,4.875197323201151,360.0,1,Yes,Semiurban,Yes,8.612503371220562
80,80,1.0,0,Graduate,Female,4.718498871295094,360.0,1,No,Semiurban,No,8.255048902752295
81,81,1.0,1,Graduate,Male,4.937903991714693,360.0,1,Yes,Semiurban,Yes,7.78155595923534
82,82,1.0,2,Graduate,Female,5.123963979403259,360.0,0,Yes,Urban,No,8.089482474360754
83,83,0.0,0,Graduate,Male,5.583496308781699,360.0,0,Yes,Semiurban,No,9.018089684104343
84,84,1.0,1,Graduate,Male,3.9318256327243257,240.0,1,Yes,Urban,No,8.291295851905407
85,85,1.0,0,Graduate,Male,4.919980925828125,360.0,1,No,Semiurban,No,8.496582237512113
86,86,1.0,2,Not Graduate,Male,4.605170185988092,360.0,1,Yes,Semiurban,No,8.58185670474196
87,87,1.0,0,Graduate,Male,4.653960350157523,360.0,1,Yes,Semiurban,No,8.437933510430605
88,88,1.0,0,Graduate,Male,5.351858133476067,360.0,1,No,Urban,No,9.055672891964043
89,89,1.0,0,Graduate,Male,5.170483995038151,360.0,1,Yes,Semiurban,No,9.196545660953994
90,90,1.0,0,Graduate,Male,4.882801922586371,360.0,1,Yes,Semiurban,No,8.675734219544788
91,91,1.0,2,Graduate,Male,5.241747015059643,180.0,1,Yes,Semiurban,No,9.384713758920963
92,92,1.0,2,Not Graduate,Male,4.406719247264253,360.0,1,Yes,Urban,No,8.535818655539403
93,93,1.0,0,Graduate,Male,4.812184355372417,360.0,1,No,Semiurban,No,8.327000740241713
94,94,1.0,0,Not Graduate,Male,3.258096538021482,120.0,1,No,Semiurban,No,8.19450550976564
95,95,0.0,0,Graduate,Male,4.859812404361672,360.0,0,No,Urban,No,8.82217476094608
96,96,1.0,0,Graduate,Female,4.927253685157205,360.0,1,Yes,Semiurban,No,8.473659189392508
97,97,1.0,0,Graduate,Male,3.9318256327243257,360.0,1,Yes,Semiurban,No,7.99799931797973
98,98,1.0,0,Not Graduate,Male,4.7535901911063645,180.0,1,Yes,Semiurban,No,8.340217320947035
99,99,1.0,0,Graduate,Male,4.882801922586371,360.0,1,Yes,Semiurban,No,8.575650760987806
100,100,1.0,2,Not Graduate,Male,4.897839799950911,180.0,1,Yes,Urban,No,8.929567707825337
101,101,1.0,0,Graduate,Male,5.0238805208462765,360.0,1,No,Semiurban,No,9.065314599925925
102,102,1.0,0,Graduate,Male,4.859812404361672,360.0,1,Yes,Urban,No,9.521568058002977
103,103,1.0,0,Graduate,Male,4.859812404361672,360.0,1,Yes,Semiurban,No,9.01627006814768
104,104,1.0,0,Graduate,Male,5.081404364984463,360.0,1,Yes,Urban,No,8.427487278331744
105,105,1.0,1,Graduate,Male,4.61512051684126,360.0,1,Yes,Urban,No,8.314587291319576
106,106,1.0,2,Graduate,Male,5.420534999272286,360.0,1,Yes,Urban,No,9.436997742590188
107,107,1.0,0,Not Graduate,Male,4.795790545596741,360.0,0,No,Rural,No,8.900276348631271
108,108,0.0,2,Graduate,Male,5.37989735354046,360.0,0,Yes,Urban,No,8.909370405197466
109,109,1.0,3+,Not Graduate,Male,4.553876891600541,480.0,1,Yes,Semiurban,No,7.946617563244473
110,110,1.0,0,Graduate,Male,4.919980925828125,360.0,1,No,Urban,No,8.57866451350434
111,111,1.0,0,Graduate,Female,4.941642422609304,360.0,1,Yes,Semiurban,No,8.56845648535378
112,112,0.0,0,Not Graduate,Male,5.030437921392435,360.0,0,Yes,Rural,No,8.947285869349132
113,113,1.0,1,Graduate,Female,4.937903991714693,360.0,1,No,Semiurban,Yes,8.916237731721479
114,114,1.0,0,Graduate,Male,4.77912349311153,360.0,1,No,Semiurban,No,8.527341522468053
115,115,1.0,1,Graduate,Male,5.225746673713202,180.0,1,Yes,Rural,No,9.5876803163585
116,116,1.0,0,Graduate,Female,5.043425116919247,360.0,1,Yes,Semiurban,No,8.603554357064281
117,117,1.0,1,Graduate,Male,4.454347296253507,360.0,1,Yes,Urban,No,8.19229373114764
118,118,1.0,0,Graduate,Male,5.170483995038151,360.0,0,Yes,Rural,No,8.95040315983296
119,119,1.0,0,Graduate,Female,5.560681631015528,360.0,1,No,Urban,No,9.250426095515468
120,120,1.0,0,Graduate,Male,5.198497031265826,360.0,1,Yes,Rural,No,9.028218795184895
121,121,1.0,0,Graduate,Female,3.8066624897703196,360.0,1,No,Semiurban,No,8.334951631422454
122,122,0.0,0,Graduate,Female,4.927253685157205,360.0,1,No,Semiurban,No,9.316320695513415
123,123,1.0,2,Graduate,Male,4.406719247264253,360.0,1,Yes,Semiurban,No,7.992268643270745
124,124,1.0,0,Not Graduate,Male,5.272999558563747,360.0,1,Yes,Rural,No,8.750683034784592
125,125,1.0,0,Graduate,Female,4.543294782270004,360.0,1,No,Rural,No,8.214194414852564
126,126,1.0,3+,Graduate,missing,5.916202062607435,360.0,1,Yes,Rural,No,10.077608912764743
127,127,1.0,0,Graduate,Male,4.859812404361672,360.0,1,No,Rural,No,8.613593685702552
128,128,0.0,1,Graduate,Male,5.081404364984463,180.0,0,Yes,Urban,Yes,9.572480355345974
129,129,0.0,0,Graduate,Male,5.209486152841421,360.0,0,Yes,Rural,No,9.065314599925925
130,130,1.0,0,Graduate,Male,6.478509642208569,480.0,1,No,Urban,Yes,9.911802884139842
131,131,1.0,0,Graduate,Male,4.31748811353631,360.0,1,No,Urban,No,8.279950715722526
132,132,1.0,0,Graduate,Male,4.2626798770413155,360.0,1,No,Semiurban,No,7.908019444632471
133,133,1.0,0,Graduate,Male,3.258096538021482,120.0,1,Yes,Semiurban,Yes,8.14902386805177
134,134,1.0,0,Graduate,Male,4.634728988229636,360.0,1,No,Semiurban,No,8.496173824192162
135,135,1.0,3+,Graduate,Male,5.673323267171493,360.0,0,Yes,Semiurban,No,9.371693622333941
136,136,1.0,0,Graduate,Female,4.442651256490317,360.0,0,Yes,Rural,No,8.430327258394575
137,137,1.0,2,Graduate,Male,4.48863636973214,360.0,1,Yes,Urban,Yes,8.827174771362785
138,138,0.0,0,Graduate,Male,5.493061443340548,360.0,0,No,Semiurban,No,9.615805480084347
139,139,1.0,2,Not Graduate,Male,4.867534450455582,360.0,0,Yes,Rural,No,8.636042325254618
140,140,1.0,2,Graduate,Male,5.225746673713202,360.0,0,Yes,Rural,No,8.871505346165781
141,141,1.0,0,Graduate,Male,5.1298987149230735,360.0,1,No,Urban,No,8.59748202264504
142,142,1.0,0,Graduate,Male,5.170483995038151,180.0,1,No,Semiurban,Yes,8.846640813100485
143,143,1.0,0,Graduate,Male,4.812184355372417,360.0,1,Yes,Semiurban,No,8.462314529906248
144,144,1.0,2,Graduate,Male,5.236441962829949,180.0,1,Yes,Urban,No,9.3722891389622
145,145,1.0,0,Graduate,Female,4.61512051684126,360.0,1,Yes,Semiurban,No,8.827174771362785
146,146,1.0,2,Graduate,Female,4.2626798770413155,360.0,1,Yes,Urban,No,9.60689927061335
147,147,1.0,1,Graduate,Male,3.4339872044851463,360.0,1,Yes,Urban,No,7.994294986415977
148,148,1.0,0,Graduate,Female,5.420534999272286,360.0,0,No,Rural,No,9.364519622823856
149,149,1.0,0,Graduate,Male,4.836281906951478,360.0,1,Yes,Semiurban,No,8.646641258603124
150,150,0.0,0,Graduate,Male,4.77912349311153,360.0,0,No,Rural,No,8.744806737401898
151,151,1.0,0,Graduate,Male,5.030437921392435,360.0,1,Yes,Rural,Yes,8.75273950944749
152,152,1.0,0,Graduate,Male,5.501258210544727,360.0,0,No,Urban,No,9.123365357961776
153,153,1.0,2,Not Graduate,Male,4.736198448394496,360.0,0,Yes,Rural,No,7.732807530422021
154,154,1.0,0,Graduate,Male,3.9318256327243257,360.0,1,No,Urban,No,8.08794755464267
155,155,0.0,3+,Graduate,Male,6.398594934535208,180.0,1,Yes,Semiurban,No,10.596634733096073
156,156,1.0,1,Graduate,Male,5.081404364984463,360.0,1,Yes,Rural,No,8.699681400989514
157,157,1.0,1,Graduate,Male,5.236441962829949,360.0,1,Yes,Urban,No,9.163143937145207
158,158,1.0,0,Graduate,Male,4.795790545596741,360.0,1,No,Rural,No,8.529911963824013
159,159,1.0,0,Graduate,Male,5.545177444479562,360.0,1,Yes,Semiurban,No,9.231024963169016
160,160,1.0,0,Not Graduate,Male,4.59511985013459,360.0,1,Yes,Semiurban,No,7.974188669286011
161,161,1.0,0,Graduate,Male,5.62040086571715,360.0,0,Yes,Urban,No,8.978912601074276
162,162,0.0,1,Graduate,Male,4.804021044733257,360.0,0,Yes,Semiurban,No,8.382518288089635
163,163,1.0,2,Graduate,Male,5.0689042022202315,360.0,1,Yes,Rural,No,8.633196867172543
164,164,1.0,0,Graduate,Male,4.330733340286331,180.0,1,Yes,Urban,No,9.140347000155648
165,165,1.0,0,Graduate,Male,5.209486152841421,360.0,1,Yes,Rural,No,8.835501457409778
166,166,1.0,0,Graduate,Female,4.727387818712341,360.0,0,Yes,Rural,No,8.430327258394575
167,167,1.0,0,Graduate,Male,4.867534450455582,360.0,1,Yes,Rural,No,8.660947155060933
168,168,0.0,0,Graduate,Male,4.1588830833596715,480.0,0,No,Semiurban,No,7.71333788887187
169,169,1.0,2,Graduate,Male,5.303304908059076,360.0,1,Yes,Semiurban,No,8.987321812850125
170,170,1.0,0,Not Graduate,Male,4.564348191467836,360.0,1,Yes,Rural,No,8.185907481482324
171,171,1.0,3+,Graduate,missing,6.55250788703459,300.0,1,Yes,Urban,No,10.85445020594156
172,172,1.0,3+,Not Graduate,Male,4.406719247264253,180.0,0,Yes,Rural,No,8.167068178341237
173,173,1.0,0,Graduate,Male,5.236441962829949,360.0,1,Yes,Semiurban,No,9.335562336729565
174,174,1.0,0,Not Graduate,Male,4.477336814478207,360.0,0,Yes,Semiurban,Yes,8.533263371593732
175,175,1.0,0,Graduate,Male,4.762173934797756,360.0,1,Yes,Rural,No,8.60557030203365
176,176,1.0,2,Graduate,Male,4.624972813284271,360.0,1,Yes,Rural,No,8.206583614320753
177,177,0.0,3+,Graduate,Male,6.206575926724928,360.0,0,Yes,Semiurban,No,9.73014555852275
178,178,1.0,1,Graduate,Male,4.762173934797756,360.0,1,Yes,Semiurban,No,8.229777750081887
179,179,0.0,0,Not Graduate,Male,4.634728988229636,480.0,0,No,Urban,No,8.23880116587155
180,180,0.0,1,Graduate,Male,5.198497031265826,360.0,0,Yes,Urban,No,9.521568058002977
181,181,0.0,0,Graduate,Male,4.219507705176107,360.0,0,No,Rural,No,8.850804195756417
182,182,1.0,0,Graduate,Male,4.304065093204169,180.0,1,Yes,Semiurban,No,8.434028950155469
183,183,1.0,1,Graduate,Male,5.564520407322694,360.0,0,Yes,Semiurban,No,10.429605648120413
184,184,1.0,0,Graduate,Female,4.6913478822291435,360.0,1,Yes,Semiurban,No,8.195885391314796
185,185,1.0,0,Graduate,Male,4.795790545596741,360.0,1,Yes,Semiurban,Yes,10.6896240399389
186,186,0.0,1,Graduate,Male,4.204692619390966,300.0,0,Yes,Rural,Yes,7.68662133494462
187,187,1.0,0,Graduate,Male,4.07753744390572,360.0,1,Yes,Rural,No,8.416709652837914
188,188,1.0,0,Graduate,missing,5.1298987149230735,360.0,1,Yes,Rural,Yes,8.694669696546992
189,189,1.0,0,Graduate,Male,5.241747015059643,180.0,1,Yes,Rural,No,9.140883106960962
190,190,1.0,0,Not Graduate,Male,3.8918202981106265,360.0,1,No,Rural,No,8.494129251817686
191,191,1.0,0,Graduate,Male,5.10594547390058,360.0,0,No,Semiurban,No,9.392745258631441
192,192,1.0,0,Not Graduate,Male,5.081404364984463,360.0,0,Yes,Urban,No,8.705165419719007
193,193,1.0,0,Graduate,Male,4.343805421853684,360.0,1,No,Semiurban,No,8.258163361537619
194,194,1.0,0,Graduate,Male,4.795790545596741,360.0,1,No,Rural,No,8.340933226000878
195,195,1.0,1,Graduate,Male,5.14166355650266,360.0,0,Yes,Semiurban,No,8.64979915596426
196,196,1.0,0,Graduate,Male,5.236441962829949,360.0,1,No,Rural,No,9.399637542506563
197,197,1.0,0,Not Graduate,Female,4.795790545596741,360.0,1,No,Urban,No,8.360071435644025
198,198,1.0,0,Graduate,Female,4.736198448394496,360.0,1,Yes,Semiurban,No,8.73761303680885
199,199,1.0,0,Graduate,Male,4.430816798843313,360.0,0,No,Urban,Yes,9.305741456739435
200,200,1.0,1,Not Graduate,Male,4.51085950651685,360.0,1,Yes,Semiurban,No,8.537191877922927
201,201,0.0,2,Graduate,Male,5.117993812416755,360.0,1,No,Semiurban,No,8.501876487304344
202,202,1.0,3+,Not Graduate,Male,4.795790545596741,180.0,0,Yes,Urban,No,8.292298107063221
203,203,1.0,1,Not Graduate,Male,4.912654885736052,360.0,1,Yes,Urban,No,8.430327258394575
204,204,1.0,2,Not Graduate,Male,4.8283137373023015,360.0,1,Yes,Semiurban,No,8.273336598504486
205,205,1.0,0,Not Graduate,Female,4.795790545596741,360.0,1,No,Semiurban,No,8.391403185357937
206,206,1.0,0,Graduate,Female,4.394449154672439,360.0,1,No,Urban,No,8.08487062913819
207,207,1.0,0,Not Graduate,Male,4.02535169073515,360.0,1,No,Rural,No,8.780633799494984
208,208,1.0,0,Graduate,Male,4.0943445622221,360.0,1,No,Urban,No,7.8160138391590275
209,209,1.0,0,Graduate,Male,4.852030263919617,360.0,0,No,Semiurban,No,8.137103389639302
210,210,1.0,0,Graduate,Female,5.3706380281276624,360.0,0,No,Semiurban,No,9.210440366976517
211,211,0.0,3+,Graduate,Male,4.859812404361672,360.0,0,Yes,Semiurban,No,8.45126704130007
212,212,1.0,1,Graduate,Male,5.484796933490655,360.0,1,Yes,Urban,Yes,8.960339366492091
213,213,1.0,3+,Not Graduate,Male,4.875197323201151,360.0,1,Yes,Rural,Yes,8.648922962094131
214,214,1.0,0,Graduate,Male,4.927253685157205,360.0,1,Yes,Urban,No,8.731497794063243
215,215,1.0,3+,Not Graduate,Male,4.61512051684126,360.0,1,Yes,Semiurban,No,8.483429561263428
216,216,1.0,0,Graduate,Male,4.912654885736052,360.0,0,Yes,Rural,No,7.576097340623111
217,217,1.0,0,Graduate,Male,4.882801922586371,360.0,1,Yes,Semiurban,No,8.613048677059759
218,218,0.0,2,Graduate,Male,4.290459441148391,360.0,0,Yes,Semiurban,No,8.517393171418904
219,219,1.0,2,Graduate,Female,4.852030263919617,360.0,1,Yes,Semiurban,No,8.80492526261806
220,220,0.0,0,Graduate,Male,4.110873864173311,360.0,0,Yes,Urban,No,7.706162970199575
221,221,1.0,2,Graduate,Male,4.762173934797756,360.0,1,Yes,Semiurban,No,8.652947112393857
222,222,1.0,0,Graduate,Male,4.976733742420574,360.0,1,No,Semiurban,No,8.659213451436667
223,223,1.0,0,Graduate,Male,5.170483995038151,360.0,1,Yes,Semiurban,No,9.058237593766226
224,224,1.0,0,Graduate,Male,4.859812404361672,360.0,1,Yes,Semiurban,No,8.740496729931813
225,225,1.0,0,Graduate,Male,5.14166355650266,360.0,0,Yes,Rural,No,8.086717920303906
226,226,1.0,0,Not Graduate,Male,4.9344739331306915,360.0,0,Yes,Urban,Yes,8.462948176563842
227,227,1.0,2,Graduate,Male,5.351858133476067,360.0,1,Yes,Semiurban,No,8.980423936374544
228,228,1.0,0,Graduate,Male,5.0689042022202315,480.0,1,Yes,Semiurban,No,8.46779284112111
229,229,1.0,0,Graduate,Male,5.303304908059076,360.0,1,No,Rural,Yes,8.764209507142004
230,230,1.0,1,Graduate,Male,4.653960350157523,360.0,1,Yes,Semiurban,No,8.422003004412488
231,231,1.0,0,Graduate,Male,3.7612001156935624,180.0,1,Yes,Rural,No,8.220672170297252
232,232,1.0,0,Not Graduate,Male,4.795790545596741,360.0,1,No,Rural,No,8.663542087751374
233,233,1.0,0,Graduate,Female,5.638354669333745,360.0,1,No,Semiurban,No,9.0280988119824
234,234,1.0,1,Graduate,Male,4.948759890378168,360.0,1,Yes,Semiurban,No,8.504107951867582
235,235,1.0,1,Graduate,Male,5.14166355650266,360.0,1,Yes,Rural,No,8.818926087090677
236,236,0.0,0,Graduate,Male,5.545177444479562,360.0,0,Yes,Urban,No,8.656433258507741
237,237,1.0,0,Graduate,Female,4.812184355372417,360.0,1,No,Urban,Yes,8.150179269682326
238,238,1.0,1,Graduate,Female,4.727387818712341,360.0,1,No,Rural,No,8.246171559857563
239,239,1.0,1,Graduate,Male,4.574710978503383,360.0,1,Yes,Semiurban,No,8.106514516255185
240,240,1.0,2,Graduate,Male,4.795790545596741,360.0,1,Yes,Rural,No,9.289151552400472
241,241,1.0,1,Not Graduate,Male,4.948759890378168,180.0,0,Yes,Urban,No,8.410498452745275
242,242,1.0,0,Graduate,Male,5.049856007249537,60.0,1,No,Urban,No,9.067277989134345
243,243,1.0,2,Graduate,Male,4.6913478822291435,360.0,1,Yes,Rural,Yes,8.929435283803425
244,244,1.0,0,Not Graduate,Male,4.820281565605037,360.0,1,Yes,Semiurban,No,8.964951211714654
245,245,1.0,0,Graduate,Male,4.795790545596741,180.0,0,No,Urban,Yes,9.248021438943871
246,246,1.0,2,Graduate,Male,4.727387818712341,360.0,1,Yes,Urban,No,9.180293450623886
247,247,1.0,1,Not Graduate,Male,4.927253685157205,180.0,1,Yes,Urban,No,8.796187635470453
248,248,1.0,1,Graduate,Male,4.820281565605037,480.0,1,Yes,Semiurban,No,8.460834457746854
249,249,1.0,0,Graduate,Male,4.51085950651685,360.0,1,Yes,Urban,No,8.210124405164267
250,250,0.0,0,Not Graduate,Male,5.308267697401205,360.0,0,Yes,Semiurban,No,8.62317351495347
251,251,1.0,2,Graduate,Female,4.9344739331306915,360.0,0,No,Urban,No,8.13973227971767
252,252,1.0,0,Not Graduate,Male,4.653960350157523,360.0,1,No,Rural,Yes,8.46611040118692
253,253,1.0,1,Not Graduate,Male,5.634789603169249,180.0,1,Yes,Semiurban,No,9.186355009225672
254,254,0.0,0,Graduate,Male,5.262690188904886,360.0,0,No,Urban,Yes,9.69590972432601
255,255,1.0,3+,Graduate,Female,5.545177444479562,360.0,1,No,Rural,No,8.03398273468322
256,256,0.0,0,Not Graduate,Male,4.7535901911063645,360.0,0,No,Rural,No,8.707152175339404
257,257,1.0,3+,Graduate,Male,4.553876891600541,360.0,0,Yes,Urban,No,8.566173813637858
258,258,1.0,0,Graduate,Male,5.720311776607412,360.0,0,Yes,Rural,No,9.728181330636078
259,259,0.0,3+,Not Graduate,Male,4.859812404361672,360.0,0,Yes,Semiurban,No,8.503499864284235
260,260,1.0,1,Graduate,Male,5.802118375377063,360.0,1,Yes,Urban,No,9.24319470884713
261,261,1.0,0,Graduate,Male,4.90527477843843,360.0,1,No,Semiurban,No,8.35936910622267
262,262,1.0,1,Graduate,Female,5.049856007249537,36.0,0,No,Semiurban,No,8.155362120328135
263,263,1.0,0,Graduate,Female,4.795790545596741,360.0,1,No,Rural,No,8.881975184248867
264,264,1.0,0,Graduate,Male,4.859812404361672,360.0,1,No,Semiurban,Yes,8.550047528287184
265,265,1.0,0,Graduate,Male,5.0238805208462765,360.0,1,No,Rural,No,8.928375259853631
266,266,1.0,2,Graduate,Male,5.017279836814924,360.0,1,Yes,Semiurban,No,8.715388097366482
267,267,0.0,3+,Graduate,Male,5.081404364984463,360.0,1,Yes,Urban,No,8.723394022000136
268,268,1.0,0,Graduate,Female,4.912654885736052,360.0,0,No,Rural,No,8.137103389639302
269,269,1.0,1,Graduate,Female,4.51085950651685,360.0,1,No,Urban,No,8.39773375137891
270,270,1.0,0,Graduate,Female,3.4339872044851463,360.0,1,No,Urban,No,8.08271113423758
271,271,1.0,0,Graduate,Male,4.919980925828125,360.0,1,Yes,Urban,No,9.318925682389624
272,272,1.0,0,Graduate,Male,4.844187086458591,360.0,1,No,Rural,No,8.453401058328458
273,273,1.0,0,Graduate,Male,5.017279836814924,360.0,1,Yes,Semiurban,No,8.485496104672983
274,274,1.0,2,Graduate,Male,4.51085950651685,360.0,1,Yes,Semiurban,No,8.268988209506656
275,275,1.0,1,Graduate,Male,4.7535901911063645,360.0,1,Yes,Semiurban,No,8.432288684325794
276,276,1.0,0,Graduate,Male,5.337538079701318,360.0,1,Yes,Semiurban,No,8.891236429516061
277,277,1.0,0,Graduate,Male,4.394449154672439,360.0,1,Yes,Urban,No,8.390268497842571
278,278,1.0,0,Graduate,Male,6.07993319509559,360.0,1,Yes,Semiurban,No,9.5876803163585
279,279,1.0,0,Not Graduate,Female,4.8283137373023015,360.0,1,Yes,Rural,No,8.31898612539206
280,280,0.0,1,Not Graduate,Male,5.0689042022202315,360.0,0,No,Urban,Yes,8.776475789346321
281,281,1.0,0,Graduate,Male,4.727387818712341,360.0,1,Yes,Semiurban,No,8.461257559085935
282,282,1.0,2,Graduate,Male,4.3694478524670215,180.0,1,Yes,Urban,No,8.097973923364721
283,283,1.0,0,Graduate,Female,4.007333185232471,360.0,1,No,Urban,No,8.154212694914229
284,284,1.0,0,Graduate,Male,4.859812404361672,360.0,0,Yes,Rural,No,9.936341889407075
285,285,1.0,0,Graduate,Male,4.499809670330265,360.0,1,No,Rural,No,8.734238184268577
286,286,1.0,0,Graduate,Female,4.605170185988092,300.0,0,No,Semiurban,Yes,8.370547611074752
287,287,1.0,0,Graduate,Male,4.795790545596741,360.0,1,Yes,Rural,No,8.649098262296176
288,288,1.0,0,Graduate,Female,4.7535901911063645,360.0,1,No,Semiurban,No,8.324821298768782
289,289,1.0,0,Graduate,Male,5.236441962829949,360.0,1,No,Rural,No,9.159993997539445
290,290,1.0,0,Graduate,Male,4.941642422609304,360.0,1,Yes,Rural,No,8.61104776688786
291,291,0.0,2,Graduate,Male,4.852030263919617,360.0,0,Yes,Semiurban,No,8.38958706681109
292,292,1.0,2,Graduate,Male,4.90527477843843,360.0,1,Yes,Urban,No,8.458292083496076
293,293,0.0,0,Graduate,Female,4.969813299576001,480.0,0,No,Urban,No,8.59748202264504
294,294,1.0,0,Graduate,Male,5.153291594497779,360.0,1,Yes,Semiurban,No,8.651374372882257
295,295,1.0,3+,Graduate,Male,4.709530201312334,360.0,1,Yes,Urban,No,8.64241515616962
296,296,1.0,1,Graduate,Male,5.303304908059076,360.0,1,Yes,Semiurban,No,8.83579236650274
297,297,1.0,1,Graduate,Female,4.912654885736052,360.0,1,Yes,Urban,No,8.448271745949816
298,298,1.0,0,Graduate,Female,5.0238805208462765,480.0,0,No,Rural,No,8.928242677818302
299,299,1.0,1,Graduate,Male,4.736198448394496,360.0,0,Yes,Urban,No,8.505120610181969
300,300,0.0,0,Not Graduate,Male,4.543294782270004,360.0,0,Yes,Urban,No,8.462737005620179
301,301,1.0,0,Not Graduate,Male,4.663439094112067,360.0,1,Yes,Semiurban,No,8.439447842791385
302,302,1.0,0,Graduate,Female,4.890349128221754,360.0,1,No,Rural,No,8.517393171418904
303,303,1.0,1,Graduate,Male,4.574710978503383,360.0,1,Yes,Urban,No,8.14002395246292
304,304,1.0,0,Graduate,Male,4.948759890378168,360.0,1,No,Rural,No,8.77971129020447
305,305,1.0,0,Not Graduate,Male,4.795790545596741,360.0,0,No,Urban,No,7.601402334583733
306,306,1.0,0,Graduate,Female,4.912654885736052,360.0,1,No,Rural,No,8.599510233905452
307,307,0.0,0,Graduate,Female,4.653960350157523,360.0,0,No,Urban,No,8.357962965845681
308,308,1.0,0,Graduate,Male,6.175867270105761,360.0,0,No,Rural,No,9.915119636765835
309,309,1.0,2,Not Graduate,Male,5.225746673713202,360.0,1,Yes,Rural,No,8.944811104165534
310,310,1.0,0,Graduate,Female,4.442651256490317,360.0,1,No,Semiurban,No,7.978653729082731
311,311,1.0,0,Not Graduate,Male,4.718498871295094,360.0,1,No,Semiurban,No,8.581669210600602
312,312,1.0,0,Graduate,Female,4.04305126783455,360.0,1,No,Rural,No,7.827240901752812
313,313,1.0,2,Graduate,Male,4.976733742420574,84.0,1,Yes,Rural,Yes,8.656433258507741
314,314,1.0,0,Graduate,missing,5.075173815233827,360.0,0,Yes,Rural,No,8.370315995555478
315,315,1.0,1,Not Graduate,Male,4.718498871295094,180.0,1,Yes,Urban,No,8.525161361065415
316,316,1.0,2,Graduate,Male,4.795790545596741,360.0,1,Yes,Semiurban,No,8.220941168281389
317,317,1.0,0,Graduate,Male,4.48863636973214,360.0,1,Yes,Urban,No,8.341171747170762
318,318,1.0,1,Graduate,Female,4.727387818712341,360.0,1,No,Semiurban,No,8.17244681834278
319,319,1.0,1,Graduate,Male,5.049856007249537,360.0,0,Yes,Rural,Yes,9.210440366976517
320,320,1.0,0,Graduate,Male,4.7535901911063645,360.0,1,Yes,Semiurban,No,8.426830751335846
321,321,1.0,3+,Graduate,Male,4.8283137373023015,360.0,1,Yes,Semiurban,No,8.418918622147897
322,322,1.0,2,Not Graduate,Male,4.795790545596741,360.0,1,Yes,Rural,No,8.554874258383926
323,323,1.0,0,Graduate,Female,4.890349128221754,360.0,1,No,Rural,No,8.72453251118548
324,324,1.0,3+,Graduate,Male,5.707110264748875,360.0,1,Yes,Rural,No,9.61587214452889
325,325,0.0,1,Graduate,Male,5.932245187448011,360.0,0,Yes,Rural,Yes,9.521494800613105
326,326,0.0,0,Graduate,Male,4.875197323201151,360.0,1,No,Rural,No,8.500657222776137
327,327,1.0,0,Graduate,Male,5.220355825078325,360.0,1,Yes,Semiurban,Yes,8.984568369308281
328,328,1.0,0,Graduate,Female,4.709530201312334,360.0,0,Yes,Urban,No,8.82246957226897
329,329,1.0,0,Graduate,Female,4.219507705176107,360.0,1,No,Urban,No,7.824445930877619
330,330,1.0,1,Graduate,Male,4.770684624465665,360.0,1,No,Urban,No,8.728749873478527
331,331,1.0,0,Graduate,Male,4.59511985013459,360.0,1,No,Semiurban,No,7.984803389734406
332,332,1.0,0,Graduate,Male,4.276666119016055,360.0,1,No,Urban,No,7.949444420250626
333,333,1.0,0,Graduate,Male,6.19644412779452,180.0,1,Yes,Urban,No,11.056240743970491
334,334,1.0,1,Graduate,missing,5.209486152841421,180.0,1,Yes,Urban,Yes,9.364519622823856
335,335,1.0,0,Graduate,Male,4.2626798770413155,360.0,1,Yes,Semiurban,Yes,9.20974019190415
336,336,1.0,1,Graduate,Male,5.081404364984463,360.0,1,Yes,Rural,No,8.68929604801586
337,337,1.0,2,Graduate,Male,5.176149732573829,360.0,1,Yes,Rural,Yes,8.867990898182093
338,338,0.0,3+,Not Graduate,Female,4.795790545596741,360.0,0,No,Urban,No,7.5126175446745105
339,339,1.0,0,Graduate,Female,4.276666119016055,360.0,1,No,Semiurban,No,8.333510708982942
340,340,1.0,3+,Not Graduate,Male,5.159055299214529,360.0,0,Yes,Rural,No,8.351138607086154
341,341,1.0,0,Graduate,Female,3.8501476017100584,360.0,0,No,Rural,No,7.774435510302958
342,342,1.0,1,Not Graduate,Male,5.0689042022202315,360.0,1,Yes,Urban,No,8.6628507638386
343,343,1.0,3+,Not Graduate,Male,4.31748811353631,360.0,1,Yes,Semiurban,No,8.062747901086354
344,344,1.0,2,Graduate,Male,4.836281906951478,360.0,1,Yes,Rural,No,8.499843553081124
345,345,1.0,0,Graduate,Male,5.081404364984463,360.0,1,Yes,Semiurban,No,8.508757712595136
346,346,0.0,0,Not Graduate,Male,5.030437921392435,360.0,0,Yes,Rural,No,8.817890200945513
347,347,1.0,2,Not Graduate,Male,4.844187086458591,360.0,1,Yes,Urban,No,8.566364235422688
348,348,1.0,0,Graduate,Male,5.560681631015528,360.0,1,Yes,Semiurban,No,9.29807648628027
349,349,1.0,0,Graduate,Male,5.236441962829949,360.0,1,Yes,Rural,No,9.091106284052485
350,350,1.0,0,Graduate,Male,5.43372200355424,360.0,1,Yes,Semiurban,No,9.114269903225448
351,351,1.0,0,Graduate,Male,5.733341276897746,360.0,0,No,Rural,No,9.466376966592419
352,352,1.0,3+,Graduate,Male,4.564348191467836,360.0,1,Yes,Rural,No,8.465899897028686
353,353,0.0,0,Graduate,Female,4.663439094112067,360.0,0,Yes,Rural,Yes,8.612685172875459
354,354,1.0,0,Graduate,Female,4.875197323201151,360.0,1,Yes,Semiurban,No,7.982416346827733
355,355,1.0,0,Graduate,Female,4.762173934797756,180.0,1,No,Urban,No,8.246433786160365
356,356,1.0,2,Graduate,Male,5.111987788356544,360.0,1,Yes,Rural,No,9.350189267092581
357,357,1.0,1,Graduate,Male,4.219507705176107,360.0,0,Yes,Urban,No,8.262558973010657
358,358,0.0,0,Not Graduate,Male,4.61512051684126,480.0,0,Yes,Urban,No,8.448271745949816
359,359,1.0,3+,Graduate,Male,5.303304908059076,360.0,1,Yes,Semiurban,No,9.028218795184895
360,360,1.0,1,Graduate,Female,4.406719247264253,360.0,0,No,Semiurban,No,8.460411177317253
361,361,1.0,2,Graduate,Male,5.4680601411351315,360.0,1,Yes,Semiurban,No,9.067393362656249
362,362,1.0,0,Graduate,Male,4.875197323201151,360.0,1,Yes,Urban,No,8.865593998902725
363,363,1.0,0,Graduate,Male,4.564348191467836,300.0,1,Yes,Urban,No,8.707317560273212
364,364,1.0,0,Graduate,Male,4.955827057601261,360.0,1,No,Rural,Yes,8.828054536815424
365,365,1.0,0,Not Graduate,Male,4.897839799950911,360.0,0,No,Rural,No,8.735042754269337
366,366,1.0,0,Graduate,Male,4.574710978503383,480.0,0,No,Semiurban,No,7.824445930877619
367,367,0.0,0,Graduate,Male,4.8283137373023015,360.0,0,No,Rural,No,8.54188580400661
368,368,1.0,1,Graduate,Male,5.170483995038151,360.0,1,Yes,Semiurban,No,8.752423403865594
369,369,1.0,0,Graduate,Male,6.3473892096560105,360.0,0,Yes,Rural,No,10.126511096649761
370,370,1.0,0,Graduate,Female,4.02535169073515,360.0,1,No,Semiurban,Yes,9.66523036341187
371,371,1.0,2,Graduate,Male,5.049856007249537,360.0,1,Yes,Semiurban,No,8.55371796609861
372,372,1.0,2,Graduate,Male,5.942799375126701,300.0,1,Yes,Rural,Yes,9.7524902289842
373,373,0.0,1,Graduate,Male,4.718498871295094,180.0,0,No,Urban,No,8.527143522269405
374,374,1.0,0,Graduate,Female,4.709530201312334,360.0,1,No,Urban,No,8.348537825386098
375,375,1.0,0,Graduate,Male,4.795790545596741,180.0,1,Yes,Urban,No,8.655388690167637
376,376,1.0,3+,Graduate,Male,4.875197323201151,360.0,1,Yes,Rural,No,9.52857589747142
377,377,1.0,0,Graduate,Male,4.875197323201151,360.0,1,Yes,Semiurban,No,8.368925174747135
378,378,1.0,0,Graduate,Male,4.276666119016055,480.0,0,No,Urban,No,8.029432840581244
379,379,1.0,2,Graduate,Male,4.875197323201151,360.0,1,Yes,Urban,No,8.592671652592143
380,380,1.0,0,Graduate,Male,4.859812404361672,360.0,1,Yes,Semiurban,No,8.671458150427666
381,381,1.0,0,Graduate,Male,5.6937321388027,360.0,1,No,Semiurban,No,9.22759072538271
382,382,1.0,0,Graduate,Female,5.056245805348308,360.0,1,No,Urban,No,8.699681400989514
383,383,1.0,0,Graduate,Male,4.859812404361672,360.0,1,No,Urban,Yes,8.877381954654766
384,384,1.0,2,Graduate,Male,4.61512051684126,360.0,0,Yes,Urban,No,8.426611813185
385,385,1.0,1,Graduate,Male,4.736198448394496,180.0,1,No,Urban,No,8.207401833376355
386,386,1.0,0,Not Graduate,Male,4.890349128221754,360.0,1,No,Semiurban,No,8.280711075662847
387,387,0.0,0,Not Graduate,Male,4.795790545596741,360.0,0,Yes,Urban,No,8.72371943690701
388,388,1.0,0,Graduate,Male,4.919980925828125,360.0,1,Yes,Urban,No,8.46611040118692
389,389,1.0,0,Graduate,Male,4.836281906951478,360.0,1,Yes,Rural,No,8.610501368549889
390,390,1.0,3+,Graduate,Male,5.225746673713202,360.0,1,No,Rural,No,9.12347443895452
391,391,1.0,3+,Graduate,Male,5.62040086571715,360.0,1,Yes,Rural,No,9.15957325492253
392,392,1.0,0,Graduate,Male,4.795790545596741,360.0,1,Yes,Urban,No,8.455104999102815
393,393,1.0,2,Not Graduate,Male,4.736198448394496,180.0,1,Yes,Semiurban,No,8.193953023563742
394,394,1.0,2,Graduate,Male,4.736198448394496,360.0,1,Yes,Urban,No,8.412054873292933
395,395,1.0,2,Graduate,Male,4.912654885736052,360.0,1,Yes,Semiurban,No,8.232440158470336
396,396,0.0,0,Graduate,Female,4.276666119016055,360.0,0,No,Urban,No,8.064950891749143
397,397,1.0,0,Graduate,Male,4.564348191467836,360.0,1,Yes,Urban,No,8.41027590907016
398,398,1.0,0,Not Graduate,Male,4.700480365792417,360.0,1,No,Rural,No,8.624970783589669
399,399,0.0,0,Graduate,Female,4.6443908991413725,360.0,0,No,Semiurban,No,8.101980731853192
400,400,0.0,2,Not Graduate,Male,3.828641396489095,180.0,0,Yes,Urban,No,7.969011781106478
401,401,1.0,0,Not Graduate,Male,4.189654742026425,300.0,0,No,Rural,No,7.9215356321335495
402,402,1.0,0,Graduate,Male,4.6443908991413725,360.0,1,No,Semiurban,No,10.021315031649332
403,403,1.0,0,Not Graduate,Female,3.9889840465642745,360.0,1,No,Semiurban,No,7.582738488914411
404,404,1.0,0,Graduate,Female,5.272999558563747,360.0,0,No,Rural,Yes,8.914894908906568
405,405,1.0,0,Graduate,Female,4.7535901911063645,360.0,1,No,Semiurban,No,8.422442854870427
406,406,1.0,0,Not Graduate,Male,4.7535901911063645,360.0,1,Yes,Urban,No,8.426830751335846
407,407,1.0,0,Not Graduate,Female,4.204692619390966,360.0,1,No,Rural,No,7.7025561132685825
408,408,0.0,1,Graduate,Male,5.030437921392435,300.0,0,Yes,Semiurban,No,9.024131268455035
409,409,0.0,3+,Graduate,Male,5.8888779583328805,360.0,0,Yes,Rural,No,11.302216779257382
410,410,1.0,1,Not Graduate,Female,4.143134726391533,360.0,0,No,Semiurban,Yes,8.260492856573185
411,411,1.0,0,Graduate,Male,5.081404364984463,360.0,1,Yes,Urban,No,8.741456115998364
412,412,0.0,0,Not Graduate,Male,5.389071729816501,360.0,0,Yes,Rural,No,8.715552125907816
413,413,1.0,0,Not Graduate,Male,4.709530201312334,360.0,1,Yes,Rural,No,8.363342466597977
414,414,0.0,0,Not Graduate,Female,5.187385805840755,360.0,0,Yes,Semiurban,No,8.591743922680534
415,415,1.0,0,Graduate,Female,4.110873864173311,360.0,1,No,Urban,No,8.005033344637111
416,416,1.0,1,Graduate,Female,5.081404364984463,360.0,0,No,Urban,No,7.8636512654486515
417,417,1.0,2,Graduate,Male,5.480638923341991,360.0,0,Yes,Urban,Yes,9.980494888896912
418,418,1.0,0,Graduate,Male,4.727387818712341,360.0,1,Yes,Rural,No,8.242493153187626
419,419,1.0,0,Graduate,Male,4.9344739331306915,360.0,1,Yes,Semiurban,No,8.447628728030327
420,420,1.0,0,Graduate,Male,4.9344739331306915,360.0,1,Yes,Rural,No,8.670772279344538
421,421,0.0,0,Not Graduate,Female,4.394449154672439,360.0,0,No,Urban,No,7.908754738783246
422,422,1.0,0,Graduate,Male,4.61512051684126,360.0,1,Yes,Urban,No,8.17188200612782
423,423,0.0,1,Graduate,Male,4.709530201312334,360.0,0,Yes,Urban,No,9.095826985187422
424,424,1.0,0,Graduate,Male,4.574710978503383,360.0,1,Yes,Semiurban,No,9.60784051043005
425,425,1.0,0,Graduate,Male,4.804021044733257,360.0,1,Yes,Rural,No,8.848939995030118
426,426,1.0,1,Not Graduate,Female,4.406719247264253,360.0,0,No,Rural,No,8.435332164935916
427,427,1.0,2,Graduate,Male,4.897839799950911,360.0,1,Yes,Semiurban,No,8.688790784847216
428,428,1.0,0,Graduate,Male,4.477336814478207,360.0,1,Yes,Rural,No,7.9851847886683345
429,429,1.0,0,Not Graduate,Male,4.110873864173311,180.0,1,No,Urban,No,7.907651594711089
430,430,1.0,1,Graduate,Female,5.017279836814924,360.0,1,No,Semiurban,Yes,9.062420241899561
431,431,0.0,0,Graduate,Male,4.663439094112067,360.0,0,No,Rural,No,8.77971129020447
432,432,1.0,0,Graduate,Male,6.0063531596017325,360.0,1,No,Semiurban,No,9.463198053273784
433,433,1.0,0,Graduate,Male,4.969813299576001,360.0,1,Yes,Semiurban,No,8.469262657658687
434,434,1.0,0,Graduate,Male,4.61512051684126,360.0,1,No,Urban,No,8.229777750081887
435,435,1.0,0,Graduate,Female,4.859812404361672,240.0,1,Yes,Semiurban,No,9.21512888870798
436,436,1.0,0,Graduate,Male,3.9318256327243257,360.0,1,No,Semiurban,No,8.236950048061455
437,437,1.0,0,Graduate,Male,4.859812404361672,360.0,1,Yes,Urban,No,8.113426639943654
438,438,0.0,0,Graduate,Male,5.236441962829949,360.0,0,No,Urban,Yes,9.251194365984448
439,439,1.0,0,Not Graduate,Female,4.9344739331306915,360.0,1,Yes,Rural,Yes,8.873888135154973
440,440,1.0,0,Graduate,Male,5.236441962829949,360.0,1,No,Semiurban,No,9.073947747070628
441,441,1.0,0,Graduate,Male,5.198497031265826,360.0,1,Yes,Rural,No,9.1834829178063
442,442,1.0,3+,Not Graduate,Male,5.003946305945459,360.0,1,No,Semiurban,No,8.81001204797317
443,443,1.0,1,Graduate,Male,5.030437921392435,360.0,1,No,Semiurban,No,10.537945736747394
444,444,1.0,0,Graduate,Male,5.170483995038151,300.0,1,Yes,Rural,No,9.659311868393488
445,445,1.0,1,Graduate,Male,4.875197323201151,360.0,1,Yes,Rural,Yes,8.450412157725886
446,446,1.0,2,Not Graduate,Male,4.709530201312334,360.0,1,Yes,Rural,No,8.445267451844648
447,447,1.0,0,Graduate,Male,4.02535169073515,360.0,0,Yes,Rural,No,8.500250470685925
448,448,0.0,2,Graduate,Male,5.017279836814924,360.0,0,Yes,Rural,No,8.527341522468053
449,449,0.0,1,Not Graduate,Male,5.25227342804663,360.0,0,No,Semiurban,Yes,8.369157112588834
450,450,0.0,2,Not Graduate,Male,4.836281906951478,360.0,0,Yes,Rural,No,8.178919332848396
451,451,1.0,2,Not Graduate,Male,4.110873864173311,300.0,1,Yes,Urban,No,8.13593277200489
452,452,0.0,0,Graduate,Male,5.0106352940962555,360.0,0,Yes,Rural,No,8.645058562414134
453,453,0.0,0,Graduate,Male,4.51085950651685,180.0,1,Yes,Rural,No,8.507142855562735
454,454,1.0,0,Graduate,Male,4.442651256490317,360.0,1,No,Semiurban,Yes,8.865876285425417
455,455,1.0,2,Graduate,Male,4.574710978503383,360.0,1,Yes,Semiurban,No,8.258422462458876
456,456,1.0,0,Graduate,Male,4.77912349311153,360.0,1,Yes,Urban,No,8.366835309827675
457,457,1.0,0,Graduate,Male,5.159055299214529,360.0,0,Yes,Urban,No,8.744806737401898
458,458,1.0,2,Graduate,Male,4.919980925828125,360.0,1,No,Rural,No,8.379079889286603
459,459,1.0,0,Graduate,Male,5.081404364984463,360.0,0,Yes,Semiurban,No,9.028218795184895
460,460,1.0,0,Graduate,missing,5.081404364984463,360.0,1,Yes,Semiurban,Yes,8.726967774991493
461,461,1.0,3+,Graduate,Male,4.859812404361672,180.0,1,Yes,Urban,No,8.954286157204713
462,462,1.0,0,Graduate,Male,5.0369526024136295,360.0,1,Yes,Rural,No,8.557182839632397
463,463,1.0,1,Not Graduate,Female,4.890349128221754,360.0,1,No,Semiurban,No,8.554874258383926
464,464,0.0,0,Graduate,Male,4.59511985013459,360.0,0,No,Semiurban,No,8.334951631422454
465,465,1.0,0,Graduate,Male,4.948759890378168,360.0,1,No,Rural,No,8.699681400989514
466,466,0.0,3+,Not Graduate,Male,4.2626798770413155,180.0,0,Yes,Urban,No,8.436416881388949
467,467,1.0,0,Graduate,missing,4.709530201312334,360.0,1,Yes,Semiurban,No,9.722744748855389
468,468,1.0,2,Not Graduate,Female,4.59511985013459,360.0,1,Yes,Semiurban,No,8.048149101665201
469,469,1.0,0,Graduate,Male,4.709530201312334,360.0,0,Yes,Urban,No,8.82246957226897
470,470,1.0,1,Graduate,Male,5.093750200806762,360.0,1,Yes,Semiurban,Yes,8.61794309451638
471,471,0.0,1,Not Graduate,Male,4.736198448394496,180.0,0,Yes,Rural,No,8.331827004436057
472,472,1.0,3+,Graduate,Male,4.61512051684126,360.0,1,Yes,Semiurban,No,8.453614209773367
473,473,1.0,0,Graduate,Female,4.543294782270004,360.0,1,No,Urban,Yes,7.824445930877619
474,474,1.0,2,Graduate,Male,5.093750200806762,360.0,1,No,Rural,No,9.228278517107196
475,475,1.0,2,Graduate,Male,5.017279836814924,360.0,1,Yes,Rural,Yes,9.772239265926174
476,476,1.0,2,Graduate,Male,5.442417710521793,300.0,1,Yes,Semiurban,No,9.042040056544483
477,477,0.0,2,Graduate,missing,4.890349128221754,360.0,0,Yes,Semiurban,No,8.465057436995709
478,478,1.0,1,Graduate,Male,4.465908118654584,360.0,1,Yes,Semiurban,Yes,9.847869128773116
479,479,1.0,2,Graduate,Male,4.859812404361672,360.0,0,Yes,Urban,No,8.423102268016642
480,480,1.0,0,Not Graduate,Female,5.043425116919247,360.0,1,No,Rural,No,8.37816098272068
481,481,1.0,3+,Not Graduate,Male,4.736198448394496,360.0,1,Yes,Rural,No,8.037866234709618
482,482,1.0,0,Graduate,Male,4.859812404361672,360.0,1,Yes,Semiurban,No,8.562931083090092
483,483,1.0,0,Graduate,Male,5.459585514144159,360.0,1,Yes,Semiurban,No,9.290444616217844
484,484,1.0,2,Graduate,Male,5.5093883366279774,360.0,1,Yes,Semiurban,No,9.0280988119824
485,485,1.0,1,Not Graduate,Male,4.882801922586371,360.0,1,Yes,Rural,No,8.388222810119277
486,486,0.0,2,Graduate,Male,4.394449154672439,360.0,0,No,Rural,No,8.17413934342947
487,487,1.0,1,Graduate,Male,6.2166061010848646,360.0,0,Yes,Urban,No,9.816512538521721
488,488,1.0,2,Graduate,Male,5.081404364984463,360.0,1,Yes,Semiurban,Yes,8.80492526261806
489,489,1.0,0,Graduate,Male,4.330733340286331,360.0,0,No,Urban,No,7.798112628829788
490,490,1.0,0,Not Graduate,Male,4.574710978503383,360.0,1,No,Semiurban,No,8.609772372709331
491,491,1.0,1,Not Graduate,Male,5.231108616854587,360.0,1,Yes,Urban,No,8.774158291205957
492,492,1.0,0,Not Graduate,Male,4.709530201312334,360.0,1,No,Rural,No,8.213923595622743
493,493,1.0,0,Not Graduate,Female,5.420534999272286,360.0,1,No,Semiurban,Yes,9.756378687497916
494,494,0.0,0,Graduate,Male,4.787491742782046,360.0,0,Yes,Rural,No,8.657824321155983
495,495,1.0,1,Graduate,Female,4.663439094112067,84.0,1,Yes,Semiurban,No,8.352318548226004
496,496,1.0,0,Not Graduate,Male,4.68213122712422,360.0,1,Yes,Rural,No,8.366602832783736
497,497,1.0,0,Graduate,Male,4.718498871295094,12.0,1,Yes,Urban,No,8.920389060080359
498,498,1.0,1,Graduate,Male,4.564348191467836,360.0,1,Yes,Semiurban,Yes,7.971085753505607
499,499,0.0,0,Graduate,Male,5.3471075307174685,360.0,0,No,Rural,No,9.277999020449997
500,500,1.0,0,Graduate,Female,4.736198448394496,480.0,1,No,Rural,No,8.37309184744198
501,501,1.0,0,Graduate,Female,4.61512051684126,360.0,1,No,Semiurban,No,8.058327306580958
502,502,1.0,2,Graduate,Male,5.342334251964811,360.0,1,Yes,Semiurban,No,9.258177701390343
503,503,0.0,1,Not Graduate,Male,4.9344739331306915,360.0,0,Yes,Rural,No,9.143452426434552
504,504,1.0,0,Not Graduate,Male,4.8283137373023015,300.0,1,Yes,Semiurban,No,8.575084669832014
505,505,1.0,2,Graduate,Male,5.497168225293202,360.0,1,Yes,Rural,No,8.978029932837156
506,506,1.0,0,Graduate,Male,6.175867270105761,360.0,1,Yes,Urban,No,10.221977646629885
507,507,1.0,0,Graduate,missing,4.574710978503383,360.0,0,No,Urban,No,8.18423477409482
508,508,1.0,0,Graduate,Male,5.241747015059643,360.0,1,Yes,Urban,Yes,8.61122983334262
509,509,1.0,1,Graduate,Female,3.713572066704308,360.0,1,No,Urban,No,9.492733482494353
510,510,1.0,0,Not Graduate,Male,4.61512051684126,360.0,0,No,Rural,No,8.494129251817686
511,511,1.0,1,Graduate,Male,5.5254529391317835,360.0,1,Yes,Semiurban,No,8.995908761263994
512,512,1.0,2,Graduate,Male,5.003946305945459,360.0,1,Yes,Urban,No,8.579040594742317
513,513,1.0,0,Graduate,Male,4.2626798770413155,180.0,0,Yes,Semiurban,No,9.082166033252674
514,514,1.0,0,Graduate,Male,5.7430031878094825,360.0,0,No,Rural,No,9.157150543462064
515,515,1.0,3+,Graduate,Male,5.017279836814924,360.0,1,Yes,Rural,No,8.838551790227402
516,516,1.0,2,Graduate,Female,4.736198448394496,480.0,1,Yes,Semiurban,No,8.20631072579402
517,517,0.0,0,Not Graduate,Male,4.820281565605037,360.0,0,Yes,Semiurban,No,8.491875383431948
518,518,1.0,0,Graduate,Male,5.225746673713202,360.0,0,No,Semiurban,No,8.794673401383422
519,519,1.0,0,Not Graduate,Female,4.564348191467836,360.0,0,No,Rural,No,8.131824785007195
520,520,1.0,2,Not Graduate,Male,3.828641396489095,360.0,1,Yes,Semiurban,No,8.277666160851503
521,521,1.0,0,Graduate,Male,4.02535169073515,360.0,1,No,Semiurban,No,7.824445930877619
522,522,1.0,3+,Graduate,Male,4.61512051684126,360.0,1,Yes,Rural,Yes,8.868131713503033
523,523,1.0,2,Graduate,Male,6.175867270105761,360.0,1,Yes,Rural,Yes,9.623442907213558
524,524,1.0,0,Graduate,Male,4.859812404361672,360.0,0,No,Semiurban,No,8.81996090128606
525,525,1.0,2,Graduate,Male,5.993961427306569,360.0,1,Yes,Rural,Yes,9.770013301136158
526,526,1.0,0,Graduate,Male,4.709530201312334,360.0,1,Yes,Semiurban,No,8.236420527265391
527,527,0.0,1,Not Graduate,Male,5.087596335232384,360.0,1,Yes,Semiurban,No,8.812248018197431
528,528,1.0,1,Not Graduate,Male,4.553876891600541,360.0,1,No,Semiurban,No,8.289539484624141
529,529,1.0,0,Not Graduate,Male,4.875197323201151,360.0,1,No,Semiurban,No,8.822322177471738
530,530,1.0,0,Graduate,Male,5.37989735354046,360.0,1,Yes,Rural,No,8.783549477153265
531,531,1.0,3+,Graduate,Male,4.61512051684126,360.0,1,Yes,Urban,No,8.362175469149628
532,532,0.0,2,Graduate,Male,4.709530201312334,360.0,0,No,Rural,No,8.185628891147607
533,533,0.0,1,Graduate,Male,5.2832037287379885,360.0,0,No,Semiurban,No,9.328212292571072
534,534,1.0,0,Not Graduate,Female,4.836281906951478,360.0,1,No,Urban,Yes,9.80730699406216
535,535,1.0,0,Not Graduate,Male,4.844187086458591,360.0,1,No,Rural,No,8.432288684325794
536,536,1.0,0,Graduate,Male,5.783825182329737,360.0,1,Yes,Urban,No,9.21433239324572
537,537,1.0,2,Graduate,Male,4.68213122712422,360.0,1,No,Semiurban,No,8.193676665955241
538,538,1.0,0,Not Graduate,Male,4.204692619390966,360.0,0,Yes,Rural,No,8.147288258706624
539,539,1.0,3+,Graduate,Male,5.062595033026967,180.0,1,Yes,Rural,No,8.766861821669803
540,540,1.0,1,Graduate,Female,4.948759890378168,180.0,1,Yes,Semiurban,No,8.916506080039204
541,541,0.0,0,Graduate,Female,4.605170185988092,360.0,0,No,Semiurban,No,7.668093709082406
542,542,1.0,1,Graduate,Female,4.564348191467836,360.0,1,No,Semiurban,No,8.203304026795282
543,543,1.0,1,Not Graduate,Male,4.859812404361672,360.0,1,Yes,Urban,No,8.46884293047519
544,544,1.0,0,Not Graduate,Female,4.634728988229636,360.0,1,Yes,Semiurban,No,8.210939733379021
545,545,1.0,0,Graduate,Male,5.049856007249537,360.0,1,Yes,Rural,No,8.459352191726387
546,546,1.0,0,Not Graduate,Male,4.394449154672439,36.0,0,No,Semiurban,No,8.119398589612294
547,547,1.0,0,Graduate,Male,4.983606621708336,360.0,1,No,Rural,No,8.368693183097793
548,548,0.0,0,Graduate,Female,4.6443908991413725,360.0,0,No,Semiurban,No,8.517393171418904
549,549,1.0,0,Graduate,Male,4.709530201312334,360.0,1,Yes,Rural,No,8.4767877767812
550,550,0.0,2,Graduate,Male,4.937903991714693,360.0,0,Yes,Rural,Yes,8.799963219506997
551,551,1.0,1,Not Graduate,Male,4.795790545596741,360.0,1,Yes,Rural,No,8.490438454107418
552,552,1.0,1,Graduate,Male,5.0689042022202315,360.0,1,Yes,Urban,No,8.792397742356906
553,553,0.0,0,Not Graduate,Male,5.204006687076795,360.0,0,Yes,Urban,No,8.473868066677865
554,554,0.0,0,Graduate,Male,4.890349128221754,180.0,0,Yes,Rural,No,8.969541885423252
555,555,1.0,1,Graduate,Male,3.295836866004329,360.0,1,Yes,Semiurban,No,8.77971129020447
556,556,1.0,0,Graduate,Female,4.442651256490317,360.0,1,No,Urban,No,8.36474106822456
557,557,1.0,3+,Graduate,Male,5.564520407322694,360.0,1,Yes,Semiurban,Yes,9.224243277145174
558,558,1.0,0,Graduate,Male,5.093750200806762,360.0,1,Yes,Semiurban,No,8.788288460263619
559,559,1.0,0,Graduate,Female,5.209486152841421,360.0,1,Yes,Semiurban,No,8.777555453213056
560,560,1.0,2,Not Graduate,Male,4.6913478822291435,360.0,1,Yes,Semiurban,No,8.273336598504486
561,561,1.0,1,Graduate,Female,6.398594934535208,360.0,1,Yes,Semiurban,Yes,9.87740021777281
562,562,1.0,0,Graduate,Male,5.356586274672012,360.0,1,Yes,Rural,No,8.984443032465352
563,563,1.0,0,Not Graduate,Male,4.890349128221754,360.0,1,No,Semiurban,Yes,8.665785595466064
564,564,0.0,2,Graduate,Male,5.556828061699537,360.0,0,Yes,Urban,No,9.082507000466299
565,565,1.0,0,Not Graduate,Male,4.795790545596741,360.0,1,Yes,Rural,No,8.404696160189092
566,566,1.0,0,Graduate,Male,4.2626798770413155,360.0,1,No,Urban,No,8.111928063310739
567,567,0.0,3+,Graduate,Male,4.820281565605037,360.0,0,Yes,Rural,No,8.682877107057168
568,568,1.0,0,Graduate,Female,2.302585092994046,360.0,0,No,Urban,No,7.774435510302958
569,569,0.0,0,Graduate,Male,4.653960350157523,360.0,0,Yes,Urban,No,8.562357743370612
570,570,1.0,1,Graduate,Male,5.231108616854587,360.0,1,Yes,Urban,No,8.550241045462437
571,571,0.0,0,Graduate,Male,5.111987788356544,360.0,0,Yes,Urban,No,8.789964651132264
572,572,1.0,2,Graduate,Male,5.62040086571715,360.0,1,Yes,Urban,No,9.721185995542177
573,573,1.0,2,Not Graduate,Male,5.236441962829949,480.0,0,Yes,Semiurban,No,8.955577146281511
574,574,1.0,3+,Graduate,Male,5.017279836814924,360.0,0,Yes,Semiurban,No,8.765146421639022
575,575,1.0,2,Graduate,Male,4.6913478822291435,84.0,1,Yes,Urban,No,8.19450550976564
576,576,0.0,0,Graduate,missing,4.919980925828125,360.0,0,Yes,Semiurban,No,8.575084669832014
577,577,1.0,0,Graduate,Male,4.709530201312334,360.0,1,No,Urban,No,8.69433468816865
578,578,1.0,1,Graduate,Male,4.68213122712422,360.0,1,Yes,Rural,No,8.297792626380861
579,579,1.0,0,Graduate,Male,5.087596335232384,360.0,1,No,Urban,No,8.716044050161402
580,580,1.0,2,Graduate,Male,5.327876168789581,360.0,1,Yes,Semiurban,No,8.785845337961213
581,581,1.0,0,Graduate,Male,4.51085950651685,360.0,0,No,Urban,No,10.482177411118249
582,582,1.0,0,Graduate,Female,3.6109179126442243,360.0,1,Yes,Semiurban,No,8.06054004653864
583,583,0.0,1,Graduate,Male,4.127134385045092,360.0,0,Yes,Rural,No,7.53955882930103
584,584,0.0,1,Graduate,Male,4.990432586778736,360.0,0,Yes,Rural,No,8.45638105201948
585,585,1.0,1,Graduate,Male,5.153291594497779,84.0,0,Yes,Rural,No,8.8934354408475
586,586,1.0,0,Graduate,Male,4.653960350157523,360.0,1,Yes,Urban,No,8.24800570160062
587,587,1.0,0,Not Graduate,Female,4.2626798770413155,360.0,1,No,Semiurban,No,7.680637427560936
588,588,1.0,0,Graduate,missing,4.553876891600541,360.0,1,No,Semiurban,No,8.46611040118692
589,589,0.0,2,Graduate,Male,4.672828834461906,360.0,0,Yes,Semiurban,Yes,7.910957382845589
590,590,1.0,0,Graduate,Male,4.04305126783455,180.0,1,Yes,Semiurban,No,8.766705997750515
591,591,1.0,2,Graduate,Male,5.327876168789581,240.0,0,Yes,Semiurban,Yes,8.699681400989514
592,592,1.0,3+,Graduate,missing,5.680172609017068,360.0,1,No,Semiurban,Yes,9.143986871426161
593,593,1.0,0,Graduate,Male,4.962844630259907,180.0,1,Yes,Rural,No,8.87626525995469
594,594,1.0,0,Graduate,Male,5.564520407322694,360.0,1,Yes,Urban,Yes,9.687878048875998
595,595,1.0,0,Not Graduate,Male,4.709530201312334,360.0,1,No,Rural,No,8.251663923605589
596,596,1.0,2,Not Graduate,Male,5.236441962829949,360.0,0,Yes,Rural,Yes,8.907070776182689
597,597,0.0,0,Graduate,Male,4.48863636973214,360.0,0,No,Semiurban,No,8.002359546252707
598,598,1.0,0,Graduate,Male,5.198497031265826,360.0,1,Yes,Rural,Yes,9.20673387638207
599,599,1.0,2,Graduate,Male,5.262690188904886,360.0,1,Yes,Urban,No,8.662331957082475
600,600,0.0,3+,Graduate,Female,5.860786223465865,180.0,0,No,Urban,No,10.647422899928179
601,601,1.0,0,Not Graduate,Male,5.049856007249537,360.0,1,Yes,Rural,No,8.645938147306799
602,602,1.0,3+,Graduate,Male,4.859812404361672,360.0,1,Yes,Urban,No,8.648922962094131
603,603,1.0,0,Graduate,Male,5.153291594497779,360.0,1,No,Rural,No,8.984443032465352
604,604,1.0,1,Graduate,Female,6.208590026096629,360.0,1,Yes,Semiurban,No,9.392745258631441
605,605,1.0,0,Not Graduate,Male,4.795790545596741,180.0,0,Yes,Urban,No,8.732465848349879
606,606,1.0,1,Graduate,Male,5.159055299214529,360.0,1,Yes,Semiurban,No,8.682877107057168
607,607,1.0,2,Not Graduate,Male,5.062595033026967,360.0,1,Yes,Rural,No,8.593969030218286
608,608,1.0,0,Graduate,Male,4.6913478822291435,360.0,1,Yes,Rural,No,8.553139318189707
609,609,1.0,0,Graduate,Female,4.276666119016055,360.0,1,No,Rural,No,7.972810784121404
610,610,1.0,3+,Graduate,Male,3.713572066704308,180.0,1,Yes,Rural,No,8.320448113956559
611,611,1.0,1,Graduate,Male,5.537334267018537,360.0,1,Yes,Urban,No,9.025575833531088
612,612,1.0,2,Graduate,Male,5.236441962829949,360.0,1,Yes,Urban,No,8.933796043934858
613,613,0.0,0,Graduate,Female,4.897839799950911,360.0,0,No,Semiurban,Yes,8.430327258394575
